"term","definition_es","card_hint_es"
"occurrenceID","Un identificador para la Ocurrencia (no para el registro)",""
"catalogNumber","Un identificador para el registro dentro del conjunto de datos o la colección",""
"datasetName","El nombre que identifica el conjunto de datos del que se derivó el registro",""
"modified","La fecha-hora más reciente en que se modificó el recurso",""
"type","La naturaleza o el género del recurso",""
"license","Un documento legal que da permiso oficial para hacer algo con el recurso",""
"rightsHolder","Una persona u organización propietaria o que administra los derechos sobre el recurso",""
"language","Un idioma del recurso",""
"institutionCode","El nombre de la institución que tiene la custodia del objeto",""
"collectionCode","El nombre de la colección dentro de la institución",""
"basisOfRecord","La naturaleza específica del registro de datos",""
"informationWithheld","Información adicional que existe, pero que no se compartió en el registro dado.",""
"occurrenceStatus","Una declaración sobre la presencia o ausencia de un Taxón en una Ubicación.",""
"recordedBy","Una lista de nombres de personas, grupos u organizaciones responsables del registro",""
"locationID","Un identificador para el conjunto de información de Ubicación. Puede ser un identificador único global o un identificador específico del conjunto de datos.","Identificador del conjunto de información de Ubicación."
"country","El nombre del país o de la unidad administrativa principal donde está la Ubicación",""
"stateProvince","El nombre de la siguiente región administrativa más pequeña que el país",""
"county","El nombre completo, sin abreviaturas, de la siguiente región administrativa más pequeña que stateProvince",""
"locality","La descripción específica del lugar",""
"decimalLatitude","La latitud geográfica en grados decimales",""
"decimalLongitude","La longitud geográfica en grados decimales",""
"verbatimLatitude","La latitud original, tal como se registró, de la Ubicación",""
"verbatimLongitude","La longitud original, tal como se registró, de la Ubicación",""
"coordinateUncertaintyInMeters","La distancia horizontal (en metros), desde la decimalLatitude y la decimalLongitude dadas, que describe el círculo más pequeño que contiene toda la Ubicación. Deje el valor vacío si la incertidumbre es desconocida, no se puede estimar o no se aplica (porque no hay coordenadas). Cero no es un valor válido para este término.","Radio de incertidumbre de las coordenadas, en metros. Cero no es válido."
"locationRemarks","Comentarios o notas sobre la Ubicación",""
"eventID","Un identificador para el conjunto de información asociada a un Evento (algo que ocurre en un lugar y un momento). Puede ser un identificador único global o un identificador específico del conjunto de datos.","Identificador del evento de muestreo (un lugar y un momento)."
"parentEventID","Un identificador para el Evento más amplio que agrupa a este y, posiblemente, a otros Eventos.",""
"eventDate","La fecha-hora durante la cual ocurrió un Evento",""
"eventTime","La hora o el intervalo durante el cual ocurrió un Evento.",""
"year","El año de cuatro dígitos en que ocurrió el Evento",""
"month","El mes, como número entero, en que ocurrió el Evento",""
"day","El día del mes, como número entero, en que ocurrió el Evento",""
"samplingEffort","Una medida estandarizada del esfuerzo invertido durante un Evento",""
"sampleSizeValue","Un valor numérico para una medida del tamaño (duración, longitud, área o volumen) de una muestra en un Evento de muestreo.","Valor numérico del tamaño de la muestra en el evento."
"sampleSizeUnit","La unidad de medida del tamaño (duración, longitud, área o volumen) de una muestra en un Evento de muestreo.","Unidad de medida del tamaño de la muestra."
"samplingProtocol","Los nombres, las referencias o las descripciones de los métodos usados para muestrear",""
"habitat","Una categoría o descripción del hábitat donde ocurrió el Evento",""
"fieldNotes","Notas de texto tomadas en campo sobre el Evento",""
"dynamicProperties","Una lista de medidas, hechos, características o afirmaciones adicionales sobre el registro",""
"kingdom","El nombre científico completo del reino en el que se clasifica el taxón",""
"phylum","El nombre científico completo del filo en el que se clasifica el taxón",""
"class","El nombre científico completo de la clase en la que se clasifica el taxón",""
"order","El nombre científico completo del orden en el que se clasifica el taxón",""
"family","El nombre científico completo de la familia en la que se clasifica el taxón",""
"genus","El nombre científico completo del género en el que se clasifica el taxón",""
"specificEpithet","El nombre del primer epíteto, o epíteto específico, del scientificName",""
"taxonRank","La categoría taxonómica del nombre más específico en el scientificName",""
"scientificName","El nombre científico completo, con información de autoría y fecha si se conoce",""
"scientificNameAuthorship","La información de autoría del scientificName",""
"vernacularName","Un nombre común o vernáculo",""
"taxonRemarks","Comentarios o notas sobre el taxón o el nombre.",""
"individualCount","El número de individuos presentes en el momento de la Ocurrencia",""
"sex","El sexo del individuo o los individuos biológicos representados en la Ocurrencia.",""
"lifeStage","La clase de edad o etapa de vida del Organismo o los Organismos en el momento en que se registró la Ocurrencia.","Clase de edad o etapa de vida del organismo en el registro."
"reproductiveCondition","La condición reproductiva del individuo o los individuos biológicos representados en la Ocurrencia.",""
"behavior","El comportamiento que mostraba el sujeto en el momento en que se registró la Ocurrencia.",""
"establishmentMeans","Declaración sobre si un Organismo fue introducido en un lugar y un momento dados por la actividad directa o indirecta de los humanos modernos.","Si el organismo fue introducido en el lugar por acción humana."
"degreeOfEstablishment","El grado en que un Organismo sobrevive, se reproduce y expande su distribución en el lugar y el momento dados.","Grado en que el organismo se establece en el lugar."
"identifiedBy","Una lista de nombres de personas, grupos u organizaciones que asignaron el Taxón",""
"identifiedByID","Una lista (concatenada y separada) de identificadores únicos globales de la persona, las personas, los grupos o las organizaciones responsables de asignar el Taxón al sujeto.","Identificadores únicos globales de quien asignó el taxón."
"dateIdentified","La fecha en que se determinó que el sujeto representa al Taxón",""
"identificationRemarks","Comentarios o notas sobre la Identificación.",""
"identificationQualifier","Una frase breve o un término estándar que califica la confiabilidad de la identificación",""
"associatedMedia","Una lista (concatenada y separada) de identificadores (publicación, identificador único global, URI) de medios asociados a la Ocurrencia.","Medios asociados a la Ocurrencia: URI, DOI o identificador."
"associatedReferences","Una lista (concatenada y separada) de identificadores (publicación, referencia bibliográfica, identificador único global, URI) de literatura asociada a la Ocurrencia.","Literatura asociada a la Ocurrencia: DOI, cita o URI."
"occurrenceRemarks","Comentarios o notas sobre la Ocurrencia",""
"acceptedNameUsage","El nombre completo, con información de autoría y fecha si se conoce, del Taxón actualmente válido (zoología) o aceptado (botánica).",""
"acceptedNameUsageID","Un identificador para el uso del nombre (significado documentado del nombre según una fuente) del taxón actualmente válido (zoología) o aceptado (botánica).",""
"accessRights","Información sobre quién puede acceder al recurso o una indicación de su estado de seguridad.",""
"agentID","Un identificador para un Agente.",""
"agentRemarks","Comentarios o notas sobre un Agente.",""
"agentRoleOrder","La posición numérica de un Rol de Agente (AgentRole) en un conjunto de Roles de Agente.",""
"agentType","Una categoría que mejor corresponde a la naturaleza de un Agente.",""
"assayType","Un tipo de método usado en un estudio para detectar el taxón o los taxones de interés en una Entidad Material.",""
"assertionBy","Un nombre para el Agente responsable de hacer una Aserción.",""
"assertionEffectiveDate","La fecha en la que un estado o una medición de una Aserción se consideró vigente por primera vez.",""
"assertionError","Una descripción del error potencial asociado al assertionValue.",""
"assertionID","Un identificador para una Aserción.",""
"assertionMadeDate","La fecha en la que se creó una Aserción.",""
"assertionProtocols","Nombres, referencias o descripciones de los Protocolos usados para hacer una Aserción.",""
"assertionReferences","Una lista (concatenada y separada) de Recursos Bibliográficos asociados a una Aserción.",""
"assertionRemarks","Comentarios o notas sobre una Aserción.",""
"assertionType","Una categoría que mejor corresponde a la naturaleza de una Aserción.",""
"assertionUnit","Una unidad asociada al valor en assertionValue.",""
"assertionValue","Un valor afirmado.",""
"associatedOccurrences","Una lista (concatenada y separada) de identificadores de otros registros de Ocurrencia y sus asociaciones con esta Ocurrencia.",""
"associatedOrganisms","Una lista (concatenada y separada) de identificadores de otros Organismos y las asociaciones de este Organismo con cada uno de ellos.",""
"associatedSequences","Una lista (concatenada y separada) de Recursos Bibliográficos de Secuencias de Nucleótidos asociadas a una Entidad Material.",""
"associatedTaxa","Una lista (concatenada y separada) de identificadores o nombres de Taxones y las asociaciones de esta Ocurrencia con cada uno de ellos.",""
"bed","El nombre completo de la capa litoestratigráfica de la que se recolectó la Entidad Material.",""
"bibliographicCitation","Una referencia bibliográfica para el recurso.",""
"caste","Una casta social de un Organismo.",""
"causeOfDeath","Una indicación de la causa conocida o sospechada de la muerte de un Organismo.",""
"collectionID","Un identificador para una colección.",""
"continent","El nombre del continente en el que está la Ubicación.",""
"coordinatePrecision","Una representación decimal de la precisión de las coordenadas dadas en decimalLatitude y decimalLongitude.",""
"countryCode","El código estándar del país en el que está la Ubicación.",""
"cultivarEpithet","Parte del nombre de un cultivar, grupo de cultivares o grex que sigue al nombre científico.",""
"dataGeneralizations","Acciones tomadas para que los datos compartidos sean menos específicos o completos que en su forma original. Sugiere que datos alternativos de mayor calidad pueden estar disponibles a solicitud.",""
"datasetID","Un identificador para el conjunto de datos. Puede ser un identificador único global o un identificador específico de una colección o institución.",""
"digitalSpecimenID","Un identificador para un recurso de Espécimen Digital.",""
"discipline","La rama o las ramas principales del conocimiento representadas por una Entidad Material.",""
"disposition","El estado actual de una Entidad Material con respecto a dónde se puede encontrar.",""
"earliestAgeOrLowestStage","El nombre completo de la edad geocronológica más antigua posible o del piso cronoestratigráfico más bajo atribuible al horizonte estratigráfico del que se recolectó la Entidad Material.",""
"earliestEonOrLowestEonothem","El nombre completo del eón geocronológico más antiguo posible, del eonotema cronoestratigráfico más bajo o del nombre informal atribuible al horizonte estratigráfico del que se recolectó la Entidad Material.",""
"earliestEpochOrLowestSeries","El nombre completo de la época geocronológica más antigua posible o de la serie cronoestratigráfica más baja atribuible al horizonte estratigráfico del que se recolectó la Entidad Material.",""
"earliestEraOrLowestErathem","El nombre completo de la era geocronológica más antigua posible o del eratema cronoestratigráfico más bajo atribuible al horizonte estratigráfico del que se recolectó la Entidad Material.",""
"earliestPeriodOrLowestSystem","El nombre completo del período geocronológico más antiguo posible o del sistema cronoestratigráfico más bajo atribuible al horizonte estratigráfico del que se recolectó la Entidad Material.",""
"endDayOfYear","El último día del año, como número entero, en que ocurrió un Evento.",""
"eventCategory","Una categoría amplia que mejor corresponde a la naturaleza de un Evento.",""
"eventRemarks","Comentarios o notas sobre el Evento.",""
"eventType","Una categoría específica que mejor corresponde a la naturaleza de un Evento.",""
"feedbackURL","Un localizador uniforme de recursos (URL) que apunta a una página web en la que se puede enviar un formulario para recoger comentarios sobre el registro.",""
"fieldNumber","Un identificador asignado a un Evento en campo.",""
"footprintSpatialFit","La razón entre el área de una huella (footprintWKT) y el área de una representación espacial verdadera (original o más específica) de una Ubicación.",""
"footprintSRS","El elipsoide, datum geodésico o sistema de referencia espacial (SRS) en el que se basa la geometría dada en footprintWKT.",""
"footprintWKT","Una representación en Well-Known Text (WKT) de la forma (huella, geometría) que define una Ubicación.",""
"formation","El nombre completo de la formación litoestratigráfica de la que se recolectó la Entidad Material.",""
"fundingAttribution","Descripción textual de las organizaciones o personas que financiaron la creación del recurso.",""
"fundingAttributionID","Un identificador para un Agente que apoyó financieramente un proyecto.",""
"genericName","La parte del género del scientificName, sin autoría.",""
"geodeticDatum","El elipsoide, datum geodésico o sistema de referencia espacial (SRS) en el que se basan las coordenadas geográficas dadas en decimalLatitude y decimalLongitude.",""
"geologicalContextID","Un identificador para el conjunto de información asociada a un Contexto Geológico (la ubicación dentro de un contexto geológico, como la estratigrafía). Puede ser un identificador único global o un identificador específico del conjunto de datos.",""
"georeferencedBy","Un nombre para el Agente responsable de proporcionar una georreferencia.",""
"georeferencedDate","La fecha en que se georreferenció la Ubicación.",""
"georeferenceProtocol","Una descripción o referencia a un Protocolo usado para determinar una huella espacial, las coordenadas y las incertidumbres.",""
"georeferenceRemarks","Comentarios o notas sobre la determinación de la descripción espacial, que explican los supuestos hechos en adición u oposición a los formalizados en el método citado en georeferenceProtocol.",""
"georeferenceSources","Una lista (concatenada y separada) de mapas, nomencladores geográficos u otros recursos usados para georreferenciar una Ubicación, descritos con suficiente detalle para que cualquier persona pueda usar los mismos recursos en el futuro.",""
"georeferenceVerificationStatus","Una descripción categórica del grado en que se verificó que la georreferencia representa la mejor descripción espacial posible de la Ubicación de la Ocurrencia.",""
"group","El nombre completo del grupo litoestratigráfico del que se recolectó la Entidad Material.",""
"higherClassification","Una lista (concatenada y separada) de nombres de taxones que termina en la categoría inmediatamente superior al Taxón referido.",""
"higherGeography","Una lista (concatenada y separada) de nombres geográficos menos específicos que la información registrada en el término locality.",""
"higherGeographyID","Un identificador para la región geográfica dentro de la cual está la Ubicación.",""
"highestBiostratigraphicZone","El nombre completo de la zona bioestratigráfica geológica más alta posible del horizonte estratigráfico del que se recolectó la Entidad Material.",""
"identificationID","Un identificador para una Identificación.",""
"identificationReferences","Una lista (concatenada y separada) de Recursos Bibliográficos usados en una Identificación.",""
"identificationType","Una categoría que mejor corresponde a la naturaleza de una Identificación.",""
"identificationVerificationStatus","Un indicador categórico del grado en que se verificó que una determinación taxonómica es correcta.",""
"infragenericEpithet","La parte infragenérica de un nombre binomial en categorías superiores a especie, pero inferiores a género.",""
"infraspecificEpithet","El nombre del epíteto infraespecífico más bajo o terminal del scientificName.",""
"institutionID","Un identificador para una organización.",""
"isAcceptedIdentification","Un indicador de que una Identificación de un Organismo es actualmente la aceptada o preferida.",""
"island","El nombre de la isla en la que está la Ubicación o cerca de la cual está.",""
"islandGroup","El nombre del grupo de islas en el que está la Ubicación.",""
"latestAgeOrHighestStage","El nombre completo de la edad geocronológica más reciente posible o del piso cronoestratigráfico más alto atribuible al horizonte estratigráfico del que se recolectó la Entidad Material.",""
"latestEonOrHighestEonothem","El nombre completo del eón geocronológico más reciente posible, del eonotema cronoestratigráfico más alto o del nombre informal atribuible al horizonte estratigráfico del que se recolectó la Entidad Material.",""
"latestEpochOrHighestSeries","El nombre completo de la época geocronológica más reciente posible o de la serie cronoestratigráfica más alta atribuible al horizonte estratigráfico del que se recolectó la Entidad Material.",""
"latestEraOrHighestErathem","El nombre completo de la era geocronológica más reciente posible o del eratema cronoestratigráfico más alto atribuible al horizonte estratigráfico del que se recolectó la Entidad Material.",""
"latestPeriodOrHighestSystem","El nombre completo del período geocronológico más reciente posible o del sistema cronoestratigráfico más alto atribuible al horizonte estratigráfico del que se recolectó la Entidad Material.",""
"lithostratigraphicTerms","La combinación de todos los nombres litoestratigráficos de la roca de la que se recolectó la Entidad Material.",""
"locationAccordingTo","Información sobre la fuente de esta información de Ubicación. Puede ser una publicación (nomenclador geográfico), una institución o un equipo de personas.",""
"lowestBiostratigraphicZone","El nombre completo de la zona bioestratigráfica geológica más baja posible del horizonte estratigráfico del que se recolectó la Entidad Material.",""
"materialEntityCategory","Una clasificación de alto nivel y mutuamente excluyente que describe la sustancia y el origen fundamentales de una Entidad Material.",""
"materialEntityID","Un identificador para una instancia específica de una Entidad Material.",""
"materialEntityRemarks","Comentarios o notas sobre una Entidad Material.",""
"materialEntityType","Una clasificación de una Entidad Material más genérica que preparations, pero menos amplia que materialCategory.",""
"materialSampleID","Un identificador para la Muestra Material (no para un registro digital específico de la Muestra Material). Si no hay un identificador único global persistente, construya uno a partir de una combinación de identificadores del registro que haga que el materialSampleID sea lo más único posible a nivel global.",""
"maximumDepthInMeters","La mayor profundidad dentro de un intervalo de profundidades, medida con respecto a la superficie de referencia vertical indicada por el valor de verticalDatum.",""
"maximumDistanceAboveSurfaceInMeters","La mayor distancia dentro de un intervalo de distancias desde una superficie de referencia en dirección vertical, en metros. Use valores positivos para ubicaciones sobre la superficie y negativos para ubicaciones debajo. Si hay medidas de profundidad, la superficie de referencia es la ubicación dada por la profundidad. Si no, es la ubicación dada por la elevación.",""
"maximumElevationInMeters","La mayor elevación dentro de un intervalo de elevaciones, medida con respecto a la superficie de referencia vertical indicada por el valor de verticalDatum.",""
"measurementAccuracy","La descripción del error potencial asociado al measurementValue.",""
"measurementDeterminedBy","Una lista (concatenada y separada) de nombres de personas, grupos u organizaciones que determinaron el valor de la Medición o Hecho.",""
"measurementDeterminedDate","La fecha en que se realizó la Medición o Hecho.",""
"measurementID","Un identificador para la Medición o Hecho (información relativa a mediciones, hechos, características o afirmaciones). Puede ser un identificador único global o un identificador específico del conjunto de datos.",""
"measurementMethod","Una descripción o referencia (publicación, URI) del método o protocolo usado para determinar la medición, el hecho, la característica o la afirmación.",""
"measurementRemarks","Comentarios o notas que acompañan a la Medición o Hecho.",""
"measurementType","La naturaleza de la medición, el hecho, la característica o la afirmación.",""
"measurementUnit","Las unidades asociadas al measurementValue.",""
"measurementValue","El valor de la medición, el hecho, la característica o la afirmación.",""
"member","El nombre completo del miembro litoestratigráfico del que se recolectó la Entidad Material.",""
"minimumDepthInMeters","La menor profundidad dentro de un intervalo de profundidades, medida con respecto a la superficie de referencia vertical indicada por el valor de verticalDatum.",""
"minimumDistanceAboveSurfaceInMeters","La menor distancia dentro de un intervalo de distancias desde una superficie de referencia en dirección vertical, en metros. Use valores positivos para ubicaciones sobre la superficie y negativos para ubicaciones debajo. Si hay medidas de profundidad, la superficie de referencia es la ubicación dada por la profundidad. Si no, es la ubicación dada por la elevación.",""
"minimumElevationInMeters","La menor elevación dentro de un intervalo de elevaciones, medida con respecto a la superficie de referencia vertical indicada por el valor de verticalDatum.",""
"molecularProtocolID","Un identificador para un Protocolo Molecular.",""
"municipality","El nombre completo, sin abreviaturas, de la siguiente región administrativa más pequeña que county (ciudad, municipio, etc.) en la que está la Ubicación. No use este término para un lugar con nombre cercano que no contiene la Ubicación real.",""
"nameAccordingTo","La referencia a la fuente en la que se define o se implica la circunscripción del concepto taxonómico específico, tradicionalmente indicada con el latín ""sensu"" o ""sec."" (de secundum, ""según""). Para los taxones que resultan de identificaciones, indique una referencia a las claves, monografías, especialistas y otras fuentes.",""
"nameAccordingToID","Un identificador para la fuente en la que se define o se implica la circunscripción del concepto taxonómico específico. Ver nameAccordingTo.",""
"namePublishedIn","Una referencia a la publicación en la que el scientificName se estableció originalmente según las reglas del nomenclaturalCode asociado.",""
"namePublishedInID","Un identificador para la publicación en la que el scientificName se estableció originalmente según las reglas del nomenclaturalCode asociado.",""
"namePublishedInYear","El año de cuatro dígitos en que se publicó el scientificName.",""
"nomenclaturalCode","El código nomenclatural (o los códigos, en el caso de un nombre ambirregnal) según el cual se construye el scientificName.",""
"nomenclaturalStatus","El estado relacionado con la publicación original del nombre y su conformidad con las reglas de nomenclatura aplicables. Se basa esencialmente en un algoritmo según las reglas del código. No requiere una opinión taxonómica.",""
"nucleotideSequenceRemarks","Comentarios o notas sobre una Secuencia de Nucleótidos.",""
"objectQuantity","Un número o valor enumerado para la cantidad de Entidades Materiales diferenciables que componen esta Entidad Material.",""
"objectQuantityType","El tipo de sistema de cuantificación usado para la cantidad de Entidades Materiales.",""
"organismID","Un identificador para la instancia de Organismo (no para un registro digital específico del Organismo). Puede ser un identificador único global o un identificador específico del conjunto de datos.",""
"organismInteractionDescription","Una descripción original (verbatim) de una Interacción de Organismos.",""
"organismInteractionID","Un identificador para una Interacción de Organismos.",""
"organismInteractionType","Una categoría que mejor corresponde a la naturaleza de una Interacción de Organismos.",""
"organismName","Un nombre o una etiqueta textual asignada a una instancia de Organismo.",""
"organismQuantity","Un número o valor enumerado para la cantidad de Organismos.",""
"organismQuantityType","El tipo de sistema de cuantificación usado para la cantidad de Organismos.",""
"organismRemarks","Comentarios o notas sobre la instancia de Organismo.",""
"organismScope","Una descripción del tipo de instancia de Organismo. Puede indicar si la instancia representa un organismo discreto o un tipo específico de agregación.",""
"originalNameUsage","El nombre del taxón, con información de autoría y fecha si se conoce, tal como apareció originalmente cuando se estableció por primera vez según las reglas del nomenclaturalCode asociado. El basiónimo (botánica) o basónimo (bacteriología) del scientificName, o el homónimo sénior o anterior para los nombres reemplazados.",""
"originalNameUsageID","Un identificador para el uso del nombre (significado documentado del nombre según una fuente) en el que el elemento terminal del scientificName se estableció originalmente según las reglas del nomenclaturalCode asociado.",""
"otherCatalogNumbers","Una lista (concatenada y separada) de números de catálogo anteriores o alternativos totalmente calificados, u otros identificadores de uso humano, para la misma Entidad Material, en el conjunto de datos o la colección actual o en cualquier otro.",""
"ownerInstitutionCode","Un nombre (o sigla) en uso por una institución que tiene la propiedad de un recurso.",""
"parentMeasurementID","Un identificador para una Medición o Hecho más amplio que agrupa a este y, posiblemente, a otras Mediciones o Hechos.",""
"parentNameUsage","El nombre completo, con información de autoría y fecha si se conoce, del Taxón padre de categoría superior directo y más próximo (en una clasificación) del elemento más específico del scientificName.",""
"parentNameUsageID","Un identificador para el uso del nombre (significado documentado del nombre según una fuente) del taxón padre de categoría superior directo y más próximo (en una clasificación) del elemento más específico del scientificName.",""
"pathway","El proceso por el cual un Organismo llegó a estar en un lugar dado en un momento dado.",""
"pointRadiusSpatialFit","La razón entre el área de un punto-radio (decimalLatitude, decimalLongitude, coordinateUncertaintyInMeters) y el área de una representación espacial verdadera (original o más específica) de una Ubicación.",""
"preferredSpatialRepresentation","Una indicación de qué representación espacial representa mejor la Ubicación.",""
"preparations","Una lista (concatenada y separada) de preparaciones y métodos de preservación de una Entidad Material.",""
"previousIdentifications","Una lista (concatenada y separada) de asignaciones anteriores de nombres al Organismo.",""
"processedTotalReadCount","El número total de lecturas obtenidas para una Secuencia de Nucleótidos procesada durante un Análisis de Nucleótidos.",""
"projectID","Una lista (concatenada y separada) de identificadores de proyectos que contribuyeron a un Evento.",""
"projectTitle","Una lista (concatenada y separada) de títulos o nombres de proyectos que contribuyeron a un Evento.",""
"protocolDescription","Una descripción detallada de un Protocolo.",""
"protocolID","Un identificador para un Protocolo.",""
"protocolReferences","Una lista (concatenada y separada) de Recursos Bibliográficos usados en un Protocolo.",""
"protocolRemarks","Comentarios o notas sobre un Protocolo.",""
"protocolType","Una categoría que mejor corresponde a la naturaleza de un Protocolo.",""
"readCount","El número de lecturas obtenidas para una Secuencia de Nucleótidos procesada durante un Análisis de Nucleótidos.",""
"recordedByID","Un identificador para un Agente responsable de registrar una Ocurrencia.",""
"recordNumber","Un identificador asignado a la Ocurrencia en el momento en que se registró. A menudo sirve de vínculo entre las notas de campo y un registro de Ocurrencia, como el número de colector de un espécimen.",""
"referenceID","Un identificador para un Recurso Bibliográfico.",""
"referenceRemarks","Comentarios o notas sobre un Recurso Bibliográfico.",""
"references","Un recurso relacionado al que el recurso descrito hace referencia, cita o apunta de otra forma.",""
"referenceType","Una categoría que mejor corresponde a la naturaleza de un Recurso Bibliográfico.",""
"relatedResourceID","Un identificador para el recurso relacionado (el objeto) de una Relación de Recursos.",""
"relationshipAccordingTo","La fuente (persona, organización, publicación, referencia) que establece la relación entre los dos recursos.",""
"relationshipEstablishedDate","La fecha-hora en que se estableció la relación entre los dos recursos.",""
"relationshipOfResource","La relación del sujeto (identificado por resourceID) con el objeto (identificado por relatedResourceID).",""
"relationshipOfResourceID","Un identificador para el tipo de relación (predicado) que conecta el sujeto identificado por resourceID con su objeto identificado por relatedResourceID.",""
"relationshipRemarks","Comentarios o notas sobre la relación entre los dos recursos.",""
"resourceID","Un identificador para el recurso que es el sujeto de la relación.",""
"resourceRelationshipID","Un identificador para una Relación de Recursos.",""
"sampledSubstrateCategory","Una categoría o tipo de sustrato muestreado durante un Evento.",""
"sampledSubstrateLayer","Una lista (concatenada y separada) de capas de sustrato muestreadas durante un Evento.",""
"scientificNameID","Un identificador para los detalles nomenclaturales (no taxonómicos) de un nombre científico.",""
"sequence","Una cadena de texto que representa los pares de bases de nucleótidos.",""
"siteNumber","Un identificador para un sitio con nombre.",""
"startDayOfYear","El primer día del año, como número entero, en que ocurrió un Evento.",""
"subfamily","El nombre científico completo de la subfamilia en la que se clasifica el Taxón.",""
"subgenus","El nombre científico completo del subgénero en el que se clasifica el Taxón.",""
"subtribe","El nombre científico completo de la subtribu en la que se clasifica el Taxón.",""
"superfamily","El nombre científico completo de la superfamilia en la que se clasifica el Taxón.",""
"taxonConceptID","Un identificador para el concepto taxonómico al que se refiere el registro, no para los detalles nomenclaturales de un Taxón.",""
"taxonFormula","Una cadena de texto que representa el patrón para construir una Identificación a partir de nombres de Taxón y calificadores de identificación.",""
"taxonID","Un identificador para un Taxón.",""
"taxonomicStatus","El estado del uso del scientificName como etiqueta de un taxón. Requiere una opinión taxonómica para definir el alcance de un Taxón. Luego, las reglas de prioridad, combinadas con la opinión de especialistas, definen el estado taxonómico de la nomenclatura dentro de ese alcance. Debe estar vinculado a una referencia taxonómica específica que defina el concepto.",""
"tribe","El nombre científico completo de la tribu en la que se clasifica el Taxón.",""
"typeOfType","Una categoría de tipo nomenclatural de una Entidad Material.",""
"typeStatus","Una lista (concatenada y separada) de tipos nomenclaturales (estado del tipo, nombre científico tipificado, publicación) aplicados al sujeto.",""
"typifiedName","Un nombre científico para el cual un espécimen u otro nombre es el tipo.",""
"verbatimAssertionType","Una cadena de texto que representa el tipo de Aserción tal como apareció en un registro original.",""
"verbatimCoordinates","Las coordenadas espaciales originales (verbatim) de una Ubicación.",""
"verbatimCoordinateSystem","Un formato de coordenadas para verbatimLatitude y verbatimLongitude o para verbatimCoordinates.",""
"verbatimDepth","La descripción original de la profundidad debajo de la superficie local.",""
"verbatimElevation","Una descripción original de la elevación de una Ubicación.",""
"verbatimEventDate","La representación original (verbatim) de la información de fecha y hora de un Evento.",""
"verbatimIdentification","Una cadena de texto que representa la identificación taxonómica tal como apareció en el registro original.",""
"verbatimLabel","Una representación original (verbatim) de la información escrita adherida o relacionada con una Entidad Material.",""
"verbatimLocality","Una descripción textual original de una Ubicación.",""
"verbatimMeasurementType","Una cadena de texto que representa el tipo de medición o hecho tal como apareció en el registro original.",""
"verbatimSRS","El elipsoide, datum geodésico o sistema de referencia espacial (SRS) en el que se basan las coordenadas dadas en verbatimLatitude y verbatimLongitude, o en verbatimCoordinates.",""
"verbatimTaxonRank","La categoría taxonómica del nombre más específico en el scientificName tal como aparece en el registro original.",""
"verticalDatum","El datum vertical usado como referencia en la que se basan los valores de los términos de elevación.",""
"vitality","Una indicación de si un Organismo estaba vivo o muerto en el momento de la recolección o la observación.",""
"waterBody","El nombre del cuerpo de agua en el que está la Ubicación.",""
